[{"id":"cmkmjq5l0004rfasge3eap53p","countryId":"cmkmjq5hv004pfasgb9ltyo25","name":"Marmara Region","slug":"marmara","createdAt":"2026-01-20 12:04:05.7","updatedAt":"2026-01-24 16:51:08.998"},{"id":"cmkmjq5sx004zfasgo8ijnloo","countryId":"cmkmjq5hv004pfasgb9ltyo25","name":"Aegean Region","slug":"aegean","createdAt":"2026-01-20 12:04:05.985","updatedAt":"2026-01-24 16:51:09.251"},{"id":"cmkmjq5xf0057fasgeu54v8tz","countryId":"cmkmjq5hv004pfasgb9ltyo25","name":"Mediterranean Region","slug":"mediterranean","createdAt":"2026-01-20 12:04:06.147","updatedAt":"2026-01-24 16:51:09.417"},{"id":"cmkmjq61u005ffasgpcgoffzd","countryId":"cmkmjq5hv004pfasgb9ltyo25","name":"Central Anatolia","slug":"central-anatolia","createdAt":"2026-01-20 12:04:06.307","updatedAt":"2026-01-24 16:51:09.583"},{"id":"cmkmjq66a005nfasg8l4t57fl","countryId":"cmkmjq5hv004pfasgb9ltyo25","name":"Black Sea Region","slug":"black-sea","createdAt":"2026-01-20 12:04:06.467","updatedAt":"2026-01-24 16:51:09.747"},{"id":"cmkmjq6ba005vfasgxy29oa95","countryId":"cmkmjq5hv004pfasgb9ltyo25","name":"Eastern Anatolia","slug":"eastern-anatolia","createdAt":"2026-01-20 12:04:06.647","updatedAt":"2026-01-24 16:51:09.911"},{"id":"cmkmjq6fy0063fasgs0h2mtd0","countryId":"cmkmjq5hv004pfasgb9ltyo25","name":"Southeastern Anatolia","slug":"southeastern-anatolia","createdAt":"2026-01-20 12:04:06.815","updatedAt":"2026-01-24 16:51:10.084"},{"id":"cmkmjq6ll006cfasgf5pope0j","countryId":"cmkmjq6kg006afasgbt1vgzuf","name":"Abruzzo","slug":"abruzzo","createdAt":"2026-01-20 12:04:07.017","updatedAt":"2026-01-24 16:51:10.29"},{"id":"cmkmjq6q4006kfasg5iy1r02r","countryId":"cmkmjq6kg006afasgbt1vgzuf","name":"Aosta Valley","slug":"aosta-valley","createdAt":"2026-01-20 12:04:07.18","updatedAt":"2026-01-24 16:51:10.454"},{"id":"cmkmjq6um006sfasgtepfpyji","countryId":"cmkmjq6kg006afasgbt1vgzuf","name":"Apulia","slug":"apulia","createdAt":"2026-01-20 12:04:07.342","updatedAt":"2026-01-24 16:51:10.619"},{"id":"cmkmjq6z30070fasg5yondqoq","countryId":"cmkmjq6kg006afasgbt1vgzuf","name":"Basilicata","slug":"basilicata","createdAt":"2026-01-20 12:04:07.503","updatedAt":"2026-01-24 16:51:10.784"},{"id":"cmkmjq73k0078fasgv57dkflp","countryId":"cmkmjq6kg006afasgbt1vgzuf","name":"Calabria","slug":"calabria","createdAt":"2026-01-20 12:04:07.664","updatedAt":"2026-01-24 16:51:10.981"},{"id":"cmkmjq780007gfasgoeq507yz","countryId":"cmkmjq6kg006afasgbt1vgzuf","name":"Campania","slug":"campania","createdAt":"2026-01-20 12:04:07.824","updatedAt":"2026-01-24 16:51:11.164"},{"id":"cmkmjq7ch007ofasgayssnmfp","countryId":"cmkmjq6kg006afasgbt1vgzuf","name":"Emilia-Romagna","slug":"emilia-romagna","createdAt":"2026-01-20 12:04:07.985","updatedAt":"2026-01-24 16:51:11.333"},{"id":"cmkmjq7h1007wfasgi3rcuav9","countryId":"cmkmjq6kg006afasgbt1vgzuf","name":"Friuli-Venezia Giulia","slug":"friuli-venezia-giulia","createdAt":"2026-01-20 12:04:08.149","updatedAt":"2026-01-24 16:51:11.497"},{"id":"cmkmjq7lo0084fasg14ur3wjd","countryId":"cmkmjq6kg006afasgbt1vgzuf","name":"Lazio","slug":"lazio","createdAt":"2026-01-20 12:04:08.316","updatedAt":"2026-01-24 16:51:11.661"},{"id":"cmkmjq7q5008cfasgfn1l9uv2","countryId":"cmkmjq6kg006afasgbt1vgzuf","name":"Liguria","slug":"liguria","createdAt":"2026-01-20 12:04:08.477","updatedAt":"2026-01-24 16:51:11.86"},{"id":"cmkmjq7uq008kfasgvjcf8t0t","countryId":"cmkmjq6kg006afasgbt1vgzuf","name":"Lombardy","slug":"lombardy","createdAt":"2026-01-20 12:04:08.642","updatedAt":"2026-01-24 16:51:12.025"},{"id":"cmkmjq7z7008sfasg8jfsb9lv","countryId":"cmkmjq6kg006afasgbt1vgzuf","name":"Marche","slug":"marche","createdAt":"2026-01-20 12:04:08.803","updatedAt":"2026-01-24 16:51:12.19"},{"id":"cmkmjq83y0090fasgpz1365ms","countryId":"cmkmjq6kg006afasgbt1vgzuf","name":"Molise","slug":"molise","createdAt":"2026-01-20 12:04:08.975","updatedAt":"2026-01-24 16:51:12.355"},{"id":"cmkmjq88g0098fasgwv2ifynm","countryId":"cmkmjq6kg006afasgbt1vgzuf","name":"Piedmont","slug":"piedmont","createdAt":"2026-01-20 12:04:09.136","updatedAt":"2026-01-24 16:51:12.519"},{"id":"cmkmjq8d7009gfasgk6yz908j","countryId":"cmkmjq6kg006afasgbt1vgzuf","name":"Sardinia","slug":"sardinia","createdAt":"2026-01-20 12:04:09.307","updatedAt":"2026-01-24 16:51:12.685"},{"id":"cmkmjq8j6009ofasg95w7x1tu","countryId":"cmkmjq6kg006afasgbt1vgzuf","name":"Sicily","slug":"sicily","createdAt":"2026-01-20 12:04:09.522","updatedAt":"2026-01-24 16:51:12.852"},{"id":"cmkmjq8nv009wfasgpinl8fya","countryId":"cmkmjq6kg006afasgbt1vgzuf","name":"Trentino-South Tyrol","slug":"trentino-south-tyrol","createdAt":"2026-01-20 12:04:09.692","updatedAt":"2026-01-24 16:51:13.027"},{"id":"cmkmjq8sj00a4fasg5fp6f49i","countryId":"cmkmjq6kg006afasgbt1vgzuf","name":"Tuscany","slug":"tuscany","createdAt":"2026-01-20 12:04:09.859","updatedAt":"2026-01-24 16:51:13.193"},{"id":"cmkmjq8x000acfasgbdnxft8o","countryId":"cmkmjq6kg006afasgbt1vgzuf","name":"Umbria","slug":"umbria","createdAt":"2026-01-20 12:04:10.021","updatedAt":"2026-01-24 16:51:13.357"},{"id":"cmkmjq91i00akfasgpfg6us5j","countryId":"cmkmjq6kg006afasgbt1vgzuf","name":"Veneto","slug":"veneto","createdAt":"2026-01-20 12:04:10.182","updatedAt":"2026-01-24 16:51:13.521"}]